feature,area,priority,original,clone,notes
Account signup and login,onboarding,must,both public entry points,no,"S01/S03; account behavior not tested; original authentication"
Personal or team workspace isolation,foundation,must,HeyGen teams advertised,no,"User selected personal/teams/agencies; proposed RBAC and tenant isolation"
Persistent project and scene drafts,studio,must,HeyGen editable studio advertised,no,"C05/C06; proposed revisioned script and scene persistence"
Owned media upload and asset library,assets,must,Magic Hour observed and documented,no,"S05-S07/R09; validate files and store authorized assets"
Prompt-to-image generation,images,must,Magic Hour observed and documented,no,"S07/R10; model-specific settings and quote"
Text-to-video generated scenes,video,must,both advertised or documented,no,"R01/R10; provider capability and rights review required"
Image-to-video animation,video,must,Magic Hour observed and documented,no,"S06/R10; insert completed clip into project"
Consented talking presenter,presenter,must,both advertised or documented,no,"S05/R01; separate licensed provider evaluation; no HeyGen competitive use without permission"
Preset voice speech generation,audio,must,Magic Hour documented,no,"R10; backend TTS adapter with language validation"
Likeness consent and revocation,safety,must,HeyGen advertised and Magic Hour terms,no,"R01/R13; original consent records; never silently bypass"
Async job status and explicit failures,jobs,must,Magic Hour documented,no,"R12; queued/processing/complete/error/canceled; no fictional progress"
Pre-submit cost quote and usage ledger,billing,must,both credits advertised,no,"R02/R05/R11; proposed reservation and idempotent settlement"
Scene assembly and non-destructive edits,studio,must,HeyGen editable studio advertised,no,"Original minimal scene renderer; not a professional timeline clone"
Editable captions and subtitle exports,captions,must,both advertised or documented,no,"R01/R10; validate timings and retain transcript"
Social aspect-ratio video exports,exports,must,both export capabilities evidenced,no,"Proposed 9:16/16:9; actual resolutions conditional on assets and plan"
Durable generated outputs and downloads,assets,must,Magic Hour documented,no,"R12 temporary URLs expire; authorized copy to controlled storage"
Generation recovery without duplicate charges,jobs,must,Magic Hour error states documented,no,"Original reconciliation/idempotency design; ambiguous paid retries gated"
Safety limits and server-only provider secrets,safety,must,Magic Hour terms and API documented,no,"R13; quotas/moderation; no user assets sent during recon"
Prompt-guided image editing,images,should,Magic Hour documented,no,"R10; retain original source and result provenance"
Image upscaling and background removal,images,should,Magic Hour documented,no,"R10; optional asset enhancement rather than required export path"
Start/end frames and reference inputs,video,should,Magic Hour controls observed,no,"S06; expose only combinations supported by selected model"
Video-to-video restyling,video,should,Magic Hour documented,no,"R10; reversible result variants"
Consented lip-sync video,audio-video,should,Magic Hour documented,no,"R10; rights/consent and audio/video duration checks"
Original or licensed templates,templates,should,Magic Hour advertised,no,"R04; never import competitor template assets"
Brand colors logos and licensed fonts,branding,should,HeyGen advertised,no,"Original brand-kit data and presets"
Localized project variants,localization,should,both advertised or documented,no,"R01/R10; language coverage and quality untested"
Translated script proofreading,localization,should,HeyGen Pro pricing listed,no,"R02; original human review before paid generation"
Team invitations and role controls,teams,should,HeyGen teams advertised,no,"C22; define owner/editor/reviewer; agency data isolation"
Versioned comments and approval,review,should,HeyGen collaboration advertised,no,"C21; approvals invalidated by changed source revision"
Agency client workspaces,agencies,should,user requirement,no,"C24; original isolation; not a verified competitor feature"
Batch campaign variants,automation,could,Magic Hour scaling advertised,no,"Budget caps and approval before batch paid jobs"
Consent-verified custom voices,audio,could,both cloning advertised or documented,no,"R02/R10/R13; defer until consent and provider rights validated"
Advanced keyframe or timeline editing,studio,could,Magic Hour keyframe control observed,no,"S06 only; full timeline capability not verified"
Realtime collaborative editing,teams,could,HeyGen multi-user editing advertised,no,"Not independently verified; defer concurrency complexity"
Developer API and automation access,developers,could,both developer portals documented,no,"Original authenticated API; scoped keys and rate limits"
Document or presentation import,imports,could,HeyGen advertised,no,"R01; independently implemented parsers and licensed inputs"
Competitor branding copy demos and template catalogs,legal,skip,both proprietary,skip,"Do not copy or ship protected material"
Competitor model weights and private endpoints,legal,skip,not inspected,skip,"No reverse engineering; use supported licensed integrations"
Unauthorized face swaps or voice impersonation,safety,skip,face and voice tools documented,skip,"Exclude abusive/unconsented uses; rights verification required"
Native apps live avatars and public marketplace,scope,skip,not verified in this pass,skip,"Outside first release; no parity claim"
